Name and business,Street number,startYear,finishYear,Latitude,Longitude,Icon
"Dennis Florias, Oyster Saloon",184,1913,1920,-31.94963,115.859172,Bar
"Evazeles Florias, Oyster Saloon",184,1910,1912,-31.94963,115.859172,Bar
"Florias O, Oyster Saloon",184,1909,1909,-31.94963,115.859172,Bar
George Black. Oyster Saloon,184,1908,1908,-31.94963,115.859172,Bar
Davies-Franklin Agency (J Turnbull manager),178,1920,1920,-31.949636,115.859136,Bike
Davies-Franklin Cycle Agency. Alfred Craig (manager) ,178,1908,1915,-31.949636,115.859136,Bike
Bookend,179,2013,2015,-31.949601,115.858766,Book
"Alex Teplitzky, Clother ",196,1912,1913,-31.949501,115.859221,Clothing
"Cohen, Saml, tailor",192,1930,1930,-31.94963,115.859172,Clothing
Butcher,181,1982,1982,-31.949601,115.858766,Fresh_food
Ceaser & Beel. Confers,188,1908,1908,-31.94963,115.859172,Fresh_food
"Chris Douglas, Fruiterer",190,1912,1912,-31.94963,115.859172,Fresh_food
"Chris Douglas, Fruiterer & Confectioner",190,1913,1913,-31.94963,115.859172,Fresh_food
"George, Jno H, frtr & cnf",190,1930,1930,-31.94963,115.859172,Fresh_food
Ballantyne & Co. Grocers,194,1909,1909,-31.94963,115.859173,Fresh_food
"Army & Navy Stores (Arthur C Macey, manager) Grocers",171,1910,1912,-31.949702,115.85877,Fresh_food
Ballantyne & Co. Grocers,196,1909,1909,-31.949501,115.859221,Fresh_food
Forster & Bowmann. Contractors & Decorators,182,1908,1909,-31.94963,115.859172,other
Avala,178,1982,1982,-31.949636,115.859136,other
"Bernard Maurice, fncy. gds",182,1911,1911,-31.94963,115.859172,other_retail
"Edward Baker, Furniture Maker",182,1912,1912,-31.94963,115.859172,other_retail
"Arthur E. Stephenson, Furniture Dealer",194,1912,1913,-31.94963,115.859172,other_retail
Echo Company Imported Goods,167,1982,1982,-31.949634,115.858736,other_retail
"Clifton Hardware Co., hardware dealers",177,1949,1949,-31.949662,115.8588,other_retail
Belle Merzel Florist,171,1982,1982,-31.949702,115.85877,other_retail
Army Surplus Stores,172,1982,1982,-31.949873,115.858961,other_retail
"Florias D F, cafe",184,1929,1930,-31.94963,115.859172,Restaurant
Anna's Coffee Lounge,175,1982,1982,-31.949662,115.858798,Restaurant
Drycleaner,175,1954,1954,-31.949662,115.858799,services
Exotic Body Piercing,171,2004,2015,-31.949702,115.85877,services
